{
  "l1_rel": 0.9981786608695984,
  "l2_rel": 0.9981786608695984,
  "iter_per_s": 0.0,
  "time_per_epoch": 0.0004737620830535889,
  "total_time": 4.751969337463379,
  "peak_gpu_mem": 0.78271484375,
  "num_params": 12,
  "final_loss": 10.250139236450195,
  "best_loss": 0.1030498817563057
}