{
  "l1_rel": 0.8535738587379456,
  "l2_rel": 0.8629813194274902,
  "iter_per_s": 0.0,
  "time_per_epoch": 0.020559576082229615,
  "total_time": 205.61842346191406,
  "peak_gpu_mem": 129.81005859375,
  "num_params": 1000,
  "final_loss": 66.98225402832031,
  "best_loss": 5.036228656768799
}