{
  "l1_rel": 1.408390760421753,
  "l2_rel": 1.4101587533950806,
  "iter_per_s": 0.0,
  "time_per_epoch": 0.003969336223602295,
  "total_time": 39.70796084403992,
  "peak_gpu_mem": 4.4990234375,
  "num_params": 3,
  "final_loss": 0.43136799335479736,
  "best_loss": 1.7112114392148214e-07
}