{
  "l1_rel": 0.5850709676742554,
  "l2_rel": 0.5745709538459778,
  "iter_per_s": 0.0,
  "time_per_epoch": 0.019756821584701538,
  "total_time": 197.59042501449585,
  "peak_gpu_mem": 129.81005859375,
  "num_params": 1000,
  "final_loss": 16.76091766357422,
  "best_loss": 4.959609508514404
}