{
  "l1_rel": 0.9571787118911743,
  "l2_rel": 0.9571787118911743,
  "iter_per_s": 0.0,
  "time_per_epoch": 0.0004922056913375855,
  "total_time": 4.937262773513794,
  "peak_gpu_mem": 0.78271484375,
  "num_params": 12,
  "final_loss": 18.26876449584961,
  "best_loss": 0.008436410687863827
}