{
  "l1_rel": 0.12128545156383803,
  "l2_rel": 0.16459183322727478,
  "iter_per_s": 0.0,
  "time_per_epoch": 0.009069821357727052,
  "total_time": 90.75277924537659,
  "peak_gpu_mem": 83.317138671875,
  "num_params": 1000,
  "final_loss": 0.19089181222040952,
  "best_loss": 0.0001882295123213251
}