{
  "l1_rel": 1.0728933811187744,
  "l2_rel": 1.0600966215133667,
  "iter_per_s": 0.0,
  "time_per_epoch": 0.0321114054441452,
  "total_time": 321.15209674835205,
  "peak_gpu_mem": 129.806396484375,
  "num_params": 1000,
  "final_loss": 2.68056321144104,
  "best_loss": 0.005472799763083458
}