{
  "l1_rel": 0.8853813409805298,
  "l2_rel": 0.8853813409805298,
  "iter_per_s": 0.0,
  "time_per_epoch": 0.0006463042974472046,
  "total_time": 6.484308958053589,
  "peak_gpu_mem": 0.744140625,
  "num_params": 12,
  "final_loss": 2.2813003063201904,
  "best_loss": 0.03968488797545433
}