{
  "l1_rel": 0.7842304110527039,
  "l2_rel": 0.7720295190811157,
  "iter_per_s": 0.0,
  "time_per_epoch": 0.003879447388648987,
  "total_time": 38.80921697616577,
  "peak_gpu_mem": 4.4990234375,
  "num_params": 3,
  "final_loss": 0.39523330330848694,
  "best_loss": 0.00014624695177190006
}