{
  "l1_rel": NaN,
  "l2_rel": NaN,
  "iter_per_s": 0.0,
  "time_per_epoch": 0.0034665584802627564,
  "total_time": 34.699851512908936,
  "peak_gpu_mem": 80.652587890625,
  "num_params": 6103,
  "final_loss": NaN,
  "best_loss": Infinity
}