{
  "l1_rel": 0.8853813409805298,
  "l2_rel": 0.8853813409805298,
  "iter_per_s": 0.0,
  "time_per_epoch": 0.0004627167224884033,
  "total_time": 4.641991853713989,
  "peak_gpu_mem": 0.78271484375,
  "num_params": 12,
  "final_loss": 2.2813003063201904,
  "best_loss": 0.03968488797545433
}