{
  "l1_rel": 1.076120138168335,
  "l2_rel": 1.0440183877944946,
  "iter_per_s": 0.0,
  "time_per_epoch": 0.020626230192184448,
  "total_time": 206.2854654788971,
  "peak_gpu_mem": 129.81005859375,
  "num_params": 1000,
  "final_loss": NaN,
  "best_loss": 16.06241798400879
}