{
  "l1_rel": 0.8562267422676086,
  "l2_rel": 0.9853876829147339,
  "iter_per_s": 0.0,
  "time_per_epoch": 0.004293326544761658,
  "total_time": 42.948094606399536,
  "peak_gpu_mem": 4.5029296875,
  "num_params": 3,
  "final_loss": 63.97539520263672,
  "best_loss": 5.0280232429504395
}