{
  "l1_rel": 0.11680372381844788,
  "l2_rel": 0.12315778450613538,
  "iter_per_s": 0.0,
  "time_per_epoch": 0.008879362273216248,
  "total_time": 88.84667682647705,
  "peak_gpu_mem": 83.140625,
  "num_params": 1000,
  "final_loss": 9.270198686303864,
  "best_loss": 0.0006171468893041567
}