{
  "l1_rel": NaN,
  "l2_rel": NaN,
  "iter_per_s": 0.0,
  "time_per_epoch": 0.0038502941131591797,
  "total_time": 38.54343342781067,
  "peak_gpu_mem": 80.65380859375,
  "num_params": 6103,
  "final_loss": NaN,
  "best_loss": Infinity
}