{
  "l1_rel": 0.8562268614768982,
  "l2_rel": 0.9853877425193787,
  "iter_per_s": 0.0,
  "time_per_epoch": 0.004334235334396363,
  "total_time": 43.35884666442871,
  "peak_gpu_mem": 4.5029296875,
  "num_params": 3,
  "final_loss": 63.97566604614258,
  "best_loss": 5.028022766113281
}