{
  "l1_rel": 0.12365887087978542,
  "l2_rel": 0.14967197474444552,
  "iter_per_s": 0.0,
  "time_per_epoch": 0.0024951025247573855,
  "total_time": 24.986008405685425,
  "peak_gpu_mem": 8.193115234375,
  "num_params": 3,
  "final_loss": 4.559943470748852,
  "best_loss": 1.0752113386908895
}