{
  "l1_rel": 1.1296489238739014,
  "l2_rel": 1.137350082397461,
  "iter_per_s": 0.0,
  "time_per_epoch": 0.004243149542808532,
  "total_time": 42.44600868225098,
  "peak_gpu_mem": 4.5029296875,
  "num_params": 3,
  "final_loss": 17.7550048828125,
  "best_loss": 5.4227447509765625
}