{
  "l1_rel": 0.12365887087978542,
  "l2_rel": 0.14967197474444552,
  "iter_per_s": 0.0,
  "time_per_epoch": 0.002893331789970398,
  "total_time": 28.9749698638916,
  "peak_gpu_mem": 8.2001953125,
  "num_params": 3,
  "final_loss": 4.5599434707488395,
  "best_loss": 1.075211338690886
}