{
  "l1_rel": 0.38400594835935786,
  "l2_rel": 0.4154759773932583,
  "iter_per_s": 0.0,
  "time_per_epoch": 0.00843255171775818,
  "total_time": 84.3799376487732,
  "peak_gpu_mem": 83.31982421875,
  "num_params": 1000,
  "final_loss": 9.46935626171997,
  "best_loss": 1.6840802939620156
}