{
  "l1_rel": 0.9999971255840628,
  "l2_rel": 0.9999941718640867,
  "iter_per_s": 0.0,
  "time_per_epoch": 0.002506861209869385,
  "total_time": 25.104377508163452,
  "peak_gpu_mem": 8.199951171875,
  "num_params": 3,
  "final_loss": 9.158584867110594e-08,
  "best_loss": 1.2992612549105104e-13
}