{
  "l1_rel": 0.22907765128064092,
  "l2_rel": 0.2829763221344757,
  "iter_per_s": 0.0,
  "time_per_epoch": 0.00859382610321045,
  "total_time": 85.99372291564941,
  "peak_gpu_mem": 83.321533203125,
  "num_params": 1000,
  "final_loss": 20.905121070327592,
  "best_loss": 0.09450605090578695
}