{
  "l1_rel": 1.1163839101791382,
  "l2_rel": 1.1163839101791382,
  "iter_per_s": 0.0,
  "time_per_epoch": 0.0006117688894271851,
  "total_time": 6.13753080368042,
  "peak_gpu_mem": 0.744140625,
  "num_params": 12,
  "final_loss": 14.986066818237305,
  "best_loss": 0.4097546339035034
}