{
  "l1_rel": 0.058593438065415775,
  "l2_rel": 0.07950626844572248,
  "iter_per_s": 0.0,
  "time_per_epoch": 0.008860065269470216,
  "total_time": 88.6549072265625,
  "peak_gpu_mem": 83.318115234375,
  "num_params": 1000,
  "final_loss": 0.9394459375684354,
  "best_loss": 0.00015964637363940663
}