{
  "l1_rel": 0.23198822392874832,
  "l2_rel": 0.3079210449573464,
  "iter_per_s": 0.0,
  "time_per_epoch": 0.003071435809135437,
  "total_time": 30.755297660827637,
  "peak_gpu_mem": 8.20166015625,
  "num_params": 3,
  "final_loss": 0.6289859389157987,
  "best_loss": 0.0019410575665463736
}