{
  "l1_rel": 0.9858248233795166,
  "l2_rel": 0.9869976043701172,
  "iter_per_s": 0.0,
  "time_per_epoch": 0.03164804668426514,
  "total_time": 316.5157060623169,
  "peak_gpu_mem": 129.806396484375,
  "num_params": 1000,
  "final_loss": 0.058584485203027725,
  "best_loss": 4.0559840272180736e-05
}