{
  "l1_rel": NaN,
  "l2_rel": NaN,
  "iter_per_s": 0.0,
  "time_per_epoch": 0.0023703789234161376,
  "total_time": 23.727030754089355,
  "peak_gpu_mem": 80.654052734375,
  "num_params": 6103,
  "final_loss": NaN,
  "best_loss": 20.00521469116211
}