{
  "l1_rel": 0.08300750054608845,
  "l2_rel": 0.11356622184754178,
  "iter_per_s": 0.0,
  "time_per_epoch": 0.0031100786924362182,
  "total_time": 31.13981556892395,
  "peak_gpu_mem": 8.1982421875,
  "num_params": 3,
  "final_loss": 1.8870173747624959,
  "best_loss": 6.984729198876698e-05
}