{
  "l1_rel": 0.9981786608695984,
  "l2_rel": 0.9981786608695984,
  "iter_per_s": 0.0,
  "time_per_epoch": 0.0006057384729385376,
  "total_time": 6.077035665512085,
  "peak_gpu_mem": 0.744140625,
  "num_params": 12,
  "final_loss": 10.250140190124512,
  "best_loss": 0.10304995626211166
}