{
  "l1_rel": 0.8562268614768982,
  "l2_rel": 0.9853877425193787,
  "iter_per_s": 0.0,
  "time_per_epoch": 0.0062859423160552975,
  "total_time": 62.90087819099426,
  "peak_gpu_mem": 4.5029296875,
  "num_params": 3,
  "final_loss": 63.975669860839844,
  "best_loss": 5.028022766113281
}