{
  "l1_rel": 1.3453154563903809,
  "l2_rel": 1.3445894718170166,
  "iter_per_s": 0.0,
  "time_per_epoch": 0.004318174839019776,
  "total_time": 43.19645810127258,
  "peak_gpu_mem": 4.5029296875,
  "num_params": 3,
  "final_loss": 68.0806655883789,
  "best_loss": 5.088817119598389
}