{
  "l1_rel": NaN,
  "l2_rel": NaN,
  "iter_per_s": 0.0,
  "time_per_epoch": 0.0033928905725479127,
  "total_time": 33.96227812767029,
  "peak_gpu_mem": 80.65869140625,
  "num_params": 6103,
  "final_loss": NaN,
  "best_loss": Infinity
}