{
  "l1_rel": 0.3705448878666421,
  "l2_rel": 0.44357501549821526,
  "iter_per_s": 0.0,
  "time_per_epoch": 0.00848136351108551,
  "total_time": 84.86803007125854,
  "peak_gpu_mem": 83.3212890625,
  "num_params": 1000,
  "final_loss": 2.277740275408603,
  "best_loss": 0.008599542167577204
}