{
  "l1_rel": 0.9711300730705261,
  "l2_rel": 0.9711300730705261,
  "iter_per_s": 0.0,
  "time_per_epoch": 0.0007194835662841797,
  "total_time": 7.214509725570679,
  "peak_gpu_mem": 0.744140625,
  "num_params": 12,
  "final_loss": 35.291099548339844,
  "best_loss": 0.20190156996250153
}