{
  "l1_rel": 0.2290776512806409,
  "l2_rel": 0.28297632213447566,
  "iter_per_s": 0.0,
  "time_per_epoch": 0.008260580253601074,
  "total_time": 82.66352438926697,
  "peak_gpu_mem": 83.31982421875,
  "num_params": 1000,
  "final_loss": 20.905121070327564,
  "best_loss": 0.09450605090578484
}