{
  "l1_rel": 0.7007200308088223,
  "l2_rel": 0.6868621440993953,
  "iter_per_s": 0.0,
  "time_per_epoch": 0.0029348365545272827,
  "total_time": 29.390069723129272,
  "peak_gpu_mem": 8.115234375,
  "num_params": 3,
  "final_loss": 3.1003703897999357,
  "best_loss": 5.193739174253861e-05
}