{
  "l1_rel": 0.5710009336471558,
  "l2_rel": 0.6268011927604675,
  "iter_per_s": 0.0,
  "time_per_epoch": 0.005969562339782714,
  "total_time": 59.736562967300415,
  "peak_gpu_mem": 4.4990234375,
  "num_params": 3,
  "final_loss": 71.71642303466797,
  "best_loss": 1.0343661308288574
}