variant,l2_rel_mean,l2_rel_std,total_time_mean,total_time_std,peak_gpu_mem_mean,peak_gpu_mem_std,num_params_mean,num_params_std
A1,0.8960742451746556,0.5363064398033888,30.932616090774538,22.565189123427427,4.199261474609375,3.086521458624192,6.375,4.41261304060914
A2,0.5771368050122673,0.4092563373760427,130.98205535411836,113.04200124845502,90.19212646484375,18.509527370139143,2913.625,2501.9515940253827
A3,0.8982034471026102,0.5356231811288886,24.214580756425857,16.02145375156317,4.0310302734375,2.9323286157476023,6.375,4.41261304060914
A4,0.898203406869475,0.5356231803690505,24.48269243836403,16.065219607565794,4.030908203125,2.9321504205065803,6.375,4.41261304060914
A5,0.5771368315032205,0.4092563916893005,123.84241490960122,103.01091961753765,99.74442138671876,23.606232478606078,2913.625,2501.9515940253827
A6,0.6570734410346395,0.40363955014365077,122.70710218548774,104.71804356087289,99.74545288085938,23.605620539989125,2913.625,2501.9515940253827
