{
  "l1_rel": 1.2055140733718872,
  "l2_rel": 1.277340054512024,
  "iter_per_s": 0.0,
  "time_per_epoch": 0.02043031780719757,
  "total_time": 204.32783818244934,
  "peak_gpu_mem": 129.806884765625,
  "num_params": 1000,
  "final_loss": NaN,
  "best_loss": 0.0076695457100868225
}