{
  "l1_rel": NaN,
  "l2_rel": NaN,
  "iter_per_s": 0.0,
  "time_per_epoch": 0.002751536774635315,
  "total_time": 27.537497758865356,
  "peak_gpu_mem": 80.654052734375,
  "num_params": 6103,
  "final_loss": NaN,
  "best_loss": Infinity
}