{
  "l1_rel": 0.9281507730484009,
  "l2_rel": 0.9281507730484009,
  "iter_per_s": 0.0,
  "time_per_epoch": 0.0006717997074127197,
  "total_time": 6.738975524902344,
  "peak_gpu_mem": 0.744140625,
  "num_params": 12,
  "final_loss": 344.7033996582031,
  "best_loss": 0.025436636060476303
}