{
  "l1_rel": 0.9000921845436096,
  "l2_rel": 0.9502267241477966,
  "iter_per_s": 0.0,
  "time_per_epoch": 0.0038658687353134154,
  "total_time": 38.67334747314453,
  "peak_gpu_mem": 4.4990234375,
  "num_params": 3,
  "final_loss": 1.3769060373306274,
  "best_loss": 0.00026540388353168964
}