{
  "l1_rel": 0.40240646480639414,
  "l2_rel": 0.5913010988770606,
  "iter_per_s": 0.0,
  "time_per_epoch": 0.0030311059951782225,
  "total_time": 30.352190732955933,
  "peak_gpu_mem": 8.190673828125,
  "num_params": 3,
  "final_loss": 7.108838435392778,
  "best_loss": 0.006827212910301476
}