{
  "l1_rel": 0.9158517122268677,
  "l2_rel": 0.9158517122268677,
  "iter_per_s": 0.0,
  "time_per_epoch": 0.0004896226167678833,
  "total_time": 4.9109108448028564,
  "peak_gpu_mem": 0.78271484375,
  "num_params": 12,
  "final_loss": 153.51446533203125,
  "best_loss": 0.020692240446805954
}