{
  "l1_rel": 0.1373277193959568,
  "l2_rel": 0.17759998709580735,
  "iter_per_s": 0.0,
  "time_per_epoch": 0.008556301355361938,
  "total_time": 85.61383557319641,
  "peak_gpu_mem": 83.14013671875,
  "num_params": 1000,
  "final_loss": 1.600113817569105,
  "best_loss": 0.0001665597358670475
}