{
  "l1_rel": 0.8546371459960938,
  "l2_rel": 0.8546371459960938,
  "iter_per_s": 0.0,
  "time_per_epoch": 0.00047368738651275635,
  "total_time": 4.751204490661621,
  "peak_gpu_mem": 0.78271484375,
  "num_params": 12,
  "final_loss": 24.239824295043945,
  "best_loss": 0.08289411664009094
}