{
  "l1_rel": 0.8853813409805298,
  "l2_rel": 0.8853813409805298,
  "iter_per_s": 0.0,
  "time_per_epoch": 0.00047771515846252444,
  "total_time": 4.7916083335876465,
  "peak_gpu_mem": 0.78271484375,
  "num_params": 12,
  "final_loss": 2.2813003063201904,
  "best_loss": 0.03968491777777672
}