{
  "l1_rel": 2.872523069381714,
  "l2_rel": 3.109393358230591,
  "iter_per_s": 0.0,
  "time_per_epoch": 0.005882422494888306,
  "total_time": 58.863431453704834,
  "peak_gpu_mem": 4.4990234375,
  "num_params": 3,
  "final_loss": 108.86306762695312,
  "best_loss": 0.022885145619511604
}