{
  "l1_rel": 0.3705448878666413,
  "l2_rel": 0.4435750154982146,
  "iter_per_s": 0.0,
  "time_per_epoch": 0.008198227906227111,
  "total_time": 82.03290438652039,
  "peak_gpu_mem": 83.320556640625,
  "num_params": 1000,
  "final_loss": 2.277740275408587,
  "best_loss": 0.008599542167576607
}