{
  "l1_rel": 0.936256468296051,
  "l2_rel": 0.9330712556838989,
  "iter_per_s": 0.0,
  "time_per_epoch": 0.020568947529792787,
  "total_time": 205.71395874023438,
  "peak_gpu_mem": 129.806884765625,
  "num_params": 1000,
  "final_loss": NaN,
  "best_loss": 0.00011902192636625841
}