{
  "l1_rel": 0.14277543310715202,
  "l2_rel": 0.21441420116366416,
  "iter_per_s": 0.0,
  "time_per_epoch": 0.00870470175743103,
  "total_time": 87.10353183746338,
  "peak_gpu_mem": 83.321533203125,
  "num_params": 1000,
  "final_loss": 0.707344748178018,
  "best_loss": 0.003929098159824662
}