{
  "l1_rel": 1.0983494520187378,
  "l2_rel": 1.096861720085144,
  "iter_per_s": 0.0,
  "time_per_epoch": 0.036763514280319216,
  "total_time": 367.7032051086426,
  "peak_gpu_mem": 81.892333984375,
  "num_params": 1000,
  "final_loss": 0.6603584289550781,
  "best_loss": 0.05008357763290405
}