{
  "l1_rel": 1.0322102308273315,
  "l2_rel": 1.0258880853652954,
  "iter_per_s": 0.0,
  "time_per_epoch": 0.020276880764961244,
  "total_time": 202.79193019866943,
  "peak_gpu_mem": 129.806884765625,
  "num_params": 1000,
  "final_loss": NaN,
  "best_loss": 11.763294219970703
}