{
  "l1_rel": 0.9362563490867615,
  "l2_rel": 0.9330712556838989,
  "iter_per_s": 0.0,
  "time_per_epoch": 0.020823828864097595,
  "total_time": 208.2622480392456,
  "peak_gpu_mem": 129.806884765625,
  "num_params": 1000,
  "final_loss": NaN,
  "best_loss": 0.00011900819663424045
}