{
  "l1_rel": 0.3705448878666413,
  "l2_rel": 0.4435750154982146,
  "iter_per_s": 0.0,
  "time_per_epoch": 0.008708600997924804,
  "total_time": 87.14181709289551,
  "peak_gpu_mem": 83.32080078125,
  "num_params": 1000,
  "final_loss": 2.277740275408587,
  "best_loss": 0.008599542167576673
}