{
  "l1_rel": 0.2733912240012515,
  "l2_rel": 0.40019627128023216,
  "iter_per_s": 0.0,
  "time_per_epoch": 0.0031335118770599367,
  "total_time": 31.379616498947144,
  "peak_gpu_mem": 8.193603515625,
  "num_params": 3,
  "final_loss": 17.5701728616657,
  "best_loss": 0.005248888692629041
}