{
  "l1_rel": 1.3453154563903809,
  "l2_rel": 1.3445894718170166,
  "iter_per_s": 0.0,
  "time_per_epoch": 0.006329764556884766,
  "total_time": 63.33967423439026,
  "peak_gpu_mem": 4.5029296875,
  "num_params": 3,
  "final_loss": 68.0806655883789,
  "best_loss": 5.088817119598389
}