{
  "l1_rel": NaN,
  "l2_rel": NaN,
  "iter_per_s": 0.0,
  "time_per_epoch": 0.022322467756271364,
  "total_time": 223.2589190006256,
  "peak_gpu_mem": 81.98291015625,
  "num_params": 1000,
  "final_loss": NaN,
  "best_loss": 0.28790244460105896
}