{
  "l1_rel": 0.9471628069877625,
  "l2_rel": 0.9471628069877625,
  "iter_per_s": 0.0,
  "time_per_epoch": 0.0007157163858413696,
  "total_time": 7.179792642593384,
  "peak_gpu_mem": 0.744140625,
  "num_params": 12,
  "final_loss": 37.93961715698242,
  "best_loss": 0.03913192078471184
}