{
  "l1_rel": NaN,
  "l2_rel": NaN,
  "iter_per_s": 0.0,
  "time_per_epoch": 0.0024674232721328734,
  "total_time": 24.698460578918457,
  "peak_gpu_mem": 80.654052734375,
  "num_params": 6103,
  "final_loss": NaN,
  "best_loss": Infinity
}