{
  "l1_rel": 0.7301447987556458,
  "l2_rel": 0.7092772126197815,
  "iter_per_s": 0.0,
  "time_per_epoch": 0.006200395679473877,
  "total_time": 62.04431653022766,
  "peak_gpu_mem": 4.5029296875,
  "num_params": 3,
  "final_loss": 128.30995178222656,
  "best_loss": 5.000960350036621
}