{
  "l1_rel": 0.43709665536880493,
  "l2_rel": 0.487172394990921,
  "iter_per_s": 0.0,
  "time_per_epoch": 0.003840965986251831,
  "total_time": 38.42442965507507,
  "peak_gpu_mem": 4.4990234375,
  "num_params": 3,
  "final_loss": 1.8509069681167603,
  "best_loss": 0.0006146292435005307
}