{
  "l1_rel": 0.8318145275115967,
  "l2_rel": 0.8329573273658752,
  "iter_per_s": 0.0,
  "time_per_epoch": 0.0043490016937255856,
  "total_time": 43.50421404838562,
  "peak_gpu_mem": 4.5029296875,
  "num_params": 3,
  "final_loss": 69.7110366821289,
  "best_loss": 5.047353744506836
}