{
  "l1_rel": 0.9392625689506531,
  "l2_rel": 0.9392625689506531,
  "iter_per_s": 0.0,
  "time_per_epoch": 0.0006058526754379272,
  "total_time": 6.078284740447998,
  "peak_gpu_mem": 0.744140625,
  "num_params": 12,
  "final_loss": 3.3344297409057617,
  "best_loss": 0.02525944449007511
}