{
  "l1_rel": 0.93567955493927,
  "l2_rel": 0.93567955493927,
  "iter_per_s": 0.0,
  "time_per_epoch": 0.0007581084251403809,
  "total_time": 7.604177474975586,
  "peak_gpu_mem": 0.744140625,
  "num_params": 12,
  "final_loss": 29.491132736206055,
  "best_loss": 0.01862996444106102
}