{
  "l1_rel": 0.9711300730705261,
  "l2_rel": 0.9711300730705261,
  "iter_per_s": 0.0,
  "time_per_epoch": 0.0005102116107940673,
  "total_time": 5.116971254348755,
  "peak_gpu_mem": 0.78271484375,
  "num_params": 12,
  "final_loss": 35.291107177734375,
  "best_loss": 0.20190156996250153
}