{
  "l1_rel": 0.9049840739884862,
  "l2_rel": 0.9259917477493922,
  "iter_per_s": 0.0,
  "time_per_epoch": 0.0030694342851638793,
  "total_time": 30.741523265838623,
  "peak_gpu_mem": 8.20166015625,
  "num_params": 3,
  "final_loss": 115.92879074302047,
  "best_loss": 7.29817764584287
}