{
  "l1_rel": NaN,
  "l2_rel": NaN,
  "iter_per_s": 0.0,
  "time_per_epoch": 0.002370483708381653,
  "total_time": 23.728198051452637,
  "peak_gpu_mem": 80.654052734375,
  "num_params": 6103,
  "final_loss": NaN,
  "best_loss": 27.71950340270996
}