{
  "l1_rel": 0.12128545156383802,
  "l2_rel": 0.16459183322727475,
  "iter_per_s": 0.0,
  "time_per_epoch": 0.008550095272064209,
  "total_time": 85.55598497390747,
  "peak_gpu_mem": 83.136962890625,
  "num_params": 1000,
  "final_loss": 0.1908918122204096,
  "best_loss": 0.0001882295123214382
}