{
  "l1_rel": 1.031967282295227,
  "l2_rel": 1.025647759437561,
  "iter_per_s": 0.0,
  "time_per_epoch": 0.02079704656600952,
  "total_time": 207.99507212638855,
  "peak_gpu_mem": 129.806884765625,
  "num_params": 1000,
  "final_loss": NaN,
  "best_loss": 0.5338664054870605
}