{
  "l1_rel": 0.7301443219184875,
  "l2_rel": 0.7092767953872681,
  "iter_per_s": 0.0,
  "time_per_epoch": 0.0043350677251815795,
  "total_time": 43.36536908149719,
  "peak_gpu_mem": 4.5029296875,
  "num_params": 3,
  "final_loss": 128.30975341796875,
  "best_loss": 5.000958442687988
}