{
  "l1_rel": 0.93567955493927,
  "l2_rel": 0.93567955493927,
  "iter_per_s": 0.0,
  "time_per_epoch": 0.0004566457748413086,
  "total_time": 4.580203533172607,
  "peak_gpu_mem": 0.78271484375,
  "num_params": 12,
  "final_loss": 29.491132736206055,
  "best_loss": 0.01862996444106102
}