{
  "l1_rel": 0.9993311166763306,
  "l2_rel": 0.9993311166763306,
  "iter_per_s": 0.0,
  "time_per_epoch": 0.0004763649702072144,
  "total_time": 4.777702331542969,
  "peak_gpu_mem": 0.78271484375,
  "num_params": 12,
  "final_loss": 113.60709381103516,
  "best_loss": 0.10658033192157745
}