{
  "l1_rel": NaN,
  "l2_rel": NaN,
  "iter_per_s": 0.0,
  "time_per_epoch": 0.002455653762817383,
  "total_time": 24.579970598220825,
  "peak_gpu_mem": 80.654052734375,
  "num_params": 6103,
  "final_loss": NaN,
  "best_loss": Infinity
}