{
  "l1_rel": 0.05613661278913213,
  "l2_rel": 0.08891092647413924,
  "iter_per_s": 0.0,
  "time_per_epoch": 0.008724875164031982,
  "total_time": 87.30304718017578,
  "peak_gpu_mem": 83.27783203125,
  "num_params": 1000,
  "final_loss": 0.05814591491410061,
  "best_loss": 1.4370975989364762e-05
}