{
  "l1_rel": 0.9993311166763306,
  "l2_rel": 0.9993311166763306,
  "iter_per_s": 0.0,
  "time_per_epoch": 0.0007777224779129028,
  "total_time": 7.798981428146362,
  "peak_gpu_mem": 0.744140625,
  "num_params": 12,
  "final_loss": 113.60709381103516,
  "best_loss": 0.10658030956983566
}