{
  "l1_rel": 0.8318153023719788,
  "l2_rel": 0.8329578042030334,
  "iter_per_s": 0.0,
  "time_per_epoch": 0.0042491563320159915,
  "total_time": 42.505939245224,
  "peak_gpu_mem": 4.5029296875,
  "num_params": 3,
  "final_loss": 69.7112045288086,
  "best_loss": 5.047355651855469
}