{
  "l1_rel": 0.4205691172564231,
  "l2_rel": 0.47942921143884043,
  "iter_per_s": 0.0,
  "time_per_epoch": 0.002984938025474548,
  "total_time": 29.897318840026855,
  "peak_gpu_mem": 8.20166015625,
  "num_params": 3,
  "final_loss": 22.764700336635013,
  "best_loss": 1.0811091440093865
}