{
  "l1_rel": 1.0728933811187744,
  "l2_rel": 1.0600966215133667,
  "iter_per_s": 0.0,
  "time_per_epoch": 0.038989064669609066,
  "total_time": 389.97895312309265,
  "peak_gpu_mem": 81.892333984375,
  "num_params": 1000,
  "final_loss": 2.6805641651153564,
  "best_loss": 0.00547276996076107
}