{
  "l1_rel": 0.2733912240012515,
  "l2_rel": 0.40019627128023216,
  "iter_per_s": 0.0,
  "time_per_epoch": 0.0030803930044174194,
  "total_time": 30.844393968582153,
  "peak_gpu_mem": 8.1953125,
  "num_params": 3,
  "final_loss": 17.5701728616657,
  "best_loss": 0.005248888692629041
}