{
  "l1_rel": 0.05859343806541576,
  "l2_rel": 0.07950626844572248,
  "iter_per_s": 0.0,
  "time_per_epoch": 0.008995799660682677,
  "total_time": 90.0132520198822,
  "peak_gpu_mem": 83.139892578125,
  "num_params": 1000,
  "final_loss": 0.9394459375684389,
  "best_loss": 0.0001596463736394036
}