{
  "l1_rel": 2.0171074867248535,
  "l2_rel": 2.124626874923706,
  "iter_per_s": 0.0,
  "time_per_epoch": 0.0038075697422027587,
  "total_time": 38.09005379676819,
  "peak_gpu_mem": 4.4990234375,
  "num_params": 3,
  "final_loss": 1.7911688089370728,
  "best_loss": 0.0004967958084307611
}