{
  "l1_rel": 0.9049840739884862,
  "l2_rel": 0.9259917477493922,
  "iter_per_s": 0.0,
  "time_per_epoch": 0.0029199219942092893,
  "total_time": 29.24162220954895,
  "peak_gpu_mem": 8.20166015625,
  "num_params": 3,
  "final_loss": 115.92879074302047,
  "best_loss": 7.298177645842866
}