{
  "l1_rel": 1.1163839101791382,
  "l2_rel": 1.1163839101791382,
  "iter_per_s": 0.0,
  "time_per_epoch": 0.00047791473865509035,
  "total_time": 4.794371843338013,
  "peak_gpu_mem": 0.78271484375,
  "num_params": 12,
  "final_loss": 14.986063957214355,
  "best_loss": 0.40975454449653625
}