{
  "l1_rel": 0.38400594835935786,
  "l2_rel": 0.4154759773932583,
  "iter_per_s": 0.0,
  "time_per_epoch": 0.00841250660419464,
  "total_time": 84.17795896530151,
  "peak_gpu_mem": 83.321044921875,
  "num_params": 1000,
  "final_loss": 9.469356261719948,
  "best_loss": 1.6840802939620139
}