{
  "l1_rel": 1.0176960229873657,
  "l2_rel": 1.0176960229873657,
  "iter_per_s": 0.0,
  "time_per_epoch": 0.00046125833988189697,
  "total_time": 4.627294063568115,
  "peak_gpu_mem": 0.78271484375,
  "num_params": 12,
  "final_loss": 2.7362189292907715,
  "best_loss": 0.053872693330049515
}