{
  "l1_rel": 0.9711300730705261,
  "l2_rel": 0.9711300730705261,
  "iter_per_s": 0.0,
  "time_per_epoch": 0.000458648681640625,
  "total_time": 4.600245714187622,
  "peak_gpu_mem": 0.78271484375,
  "num_params": 12,
  "final_loss": 35.291099548339844,
  "best_loss": 0.20190156996250153
}