{
  "l1_rel": 0.8546372652053833,
  "l2_rel": 0.8546372652053833,
  "iter_per_s": 0.0,
  "time_per_epoch": 0.0006716529607772827,
  "total_time": 6.738187789916992,
  "peak_gpu_mem": 0.744140625,
  "num_params": 12,
  "final_loss": 24.239839553833008,
  "best_loss": 0.08289419859647751
}