{
  "l1_rel": 0.1373277193959568,
  "l2_rel": 0.17759998709580732,
  "iter_per_s": 0.0,
  "time_per_epoch": 0.008957481288909911,
  "total_time": 89.62832856178284,
  "peak_gpu_mem": 83.139892578125,
  "num_params": 1000,
  "final_loss": 1.6001138175691139,
  "best_loss": 0.00016655973586704147
}