{
  "l1_rel": 0.9281507730484009,
  "l2_rel": 0.9281507730484009,
  "iter_per_s": 0.0,
  "time_per_epoch": 0.0004644623279571533,
  "total_time": 4.658574104309082,
  "peak_gpu_mem": 0.78271484375,
  "num_params": 12,
  "final_loss": 344.7033996582031,
  "best_loss": 0.025436636060476303
}