{
  "l1_rel": 0.08300750054608845,
  "l2_rel": 0.11356622184754178,
  "iter_per_s": 0.0,
  "time_per_epoch": 0.0031293903112411497,
  "total_time": 31.339001655578613,
  "peak_gpu_mem": 8.19970703125,
  "num_params": 3,
  "final_loss": 1.887017374762487,
  "best_loss": 6.984729198876556e-05
}