{
  "l1_rel": 1.1978487968444824,
  "l2_rel": 1.1975473165512085,
  "iter_per_s": 0.0,
  "time_per_epoch": 0.03206310479640961,
  "total_time": 320.66908144950867,
  "peak_gpu_mem": 129.806396484375,
  "num_params": 1000,
  "final_loss": NaN,
  "best_loss": 0.7167022228240967
}