{
  "l1_rel": 0.515508770942688,
  "l2_rel": 0.547950029373169,
  "iter_per_s": 0.0,
  "time_per_epoch": 0.006170327568054199,
  "total_time": 61.74483132362366,
  "peak_gpu_mem": 4.4990234375,
  "num_params": 3,
  "final_loss": 7.742375373840332,
  "best_loss": 2.902912139892578
}