{
  "l1_rel": 1.3453150987625122,
  "l2_rel": 1.344589352607727,
  "iter_per_s": 0.0,
  "time_per_epoch": 0.004324394202232361,
  "total_time": 43.25829553604126,
  "peak_gpu_mem": 4.5029296875,
  "num_params": 3,
  "final_loss": 68.08055114746094,
  "best_loss": 5.0888166427612305
}