{
  "l1_rel": 0.12365887087978542,
  "l2_rel": 0.14967197474444552,
  "iter_per_s": 0.0,
  "time_per_epoch": 0.0029429649353027343,
  "total_time": 29.4706027507782,
  "peak_gpu_mem": 8.20166015625,
  "num_params": 3,
  "final_loss": 4.5599434707488395,
  "best_loss": 1.075211338690886
}