{
  "l1_rel": 1.0176959037780762,
  "l2_rel": 1.0176959037780762,
  "iter_per_s": 0.0,
  "time_per_epoch": 0.0004756635189056396,
  "total_time": 4.771556615829468,
  "peak_gpu_mem": 0.78271484375,
  "num_params": 12,
  "final_loss": 2.736204147338867,
  "best_loss": 0.05387265235185623
}