{
  "l1_rel": 0.9392625689506531,
  "l2_rel": 0.9392625689506531,
  "iter_per_s": 0.0,
  "time_per_epoch": 0.0004792242765426636,
  "total_time": 4.806615591049194,
  "peak_gpu_mem": 0.78271484375,
  "num_params": 12,
  "final_loss": 3.3344295024871826,
  "best_loss": 0.025259481742978096
}