{
  "l1_rel": 1.1296491622924805,
  "l2_rel": 1.13735032081604,
  "iter_per_s": 0.0,
  "time_per_epoch": 0.00617630763053894,
  "total_time": 61.804407596588135,
  "peak_gpu_mem": 4.5029296875,
  "num_params": 3,
  "final_loss": 17.75507926940918,
  "best_loss": 5.422740459442139
}