{
  "l1_rel": 0.5994138717651367,
  "l2_rel": 0.6706239581108093,
  "iter_per_s": 0.0,
  "time_per_epoch": 0.02062485864162445,
  "total_time": 206.2714388370514,
  "peak_gpu_mem": 129.806884765625,
  "num_params": 1000,
  "final_loss": NaN,
  "best_loss": 0.0023270375095307827
}