{
  "l1_rel": 0.3690283896549524,
  "l2_rel": 0.40593332865227283,
  "iter_per_s": 0.0,
  "time_per_epoch": 0.002912685561180115,
  "total_time": 29.16901683807373,
  "peak_gpu_mem": 8.2001953125,
  "num_params": 3,
  "final_loss": 32.57059334342823,
  "best_loss": 1.0570977372589205
}