{
  "l1_rel": NaN,
  "l2_rel": NaN,
  "iter_per_s": 0.0,
  "time_per_epoch": 0.02093872048854828,
  "total_time": 209.41072392463684,
  "peak_gpu_mem": 129.81005859375,
  "num_params": 1000,
  "final_loss": NaN,
  "best_loss": 39.09518051147461
}