{
  "l1_rel": 0.058593438065415775,
  "l2_rel": 0.07950626844572248,
  "iter_per_s": 0.0,
  "time_per_epoch": 0.008737338185310363,
  "total_time": 87.42658591270447,
  "peak_gpu_mem": 83.747802734375,
  "num_params": 1000,
  "final_loss": 0.9394459375684353,
  "best_loss": 0.00015964637363940666
}