{
  "l1_rel": 2.872523069381714,
  "l2_rel": 3.109393358230591,
  "iter_per_s": 0.0,
  "time_per_epoch": 0.0038717219352722167,
  "total_time": 38.732216596603394,
  "peak_gpu_mem": 4.4990234375,
  "num_params": 3,
  "final_loss": 108.8630599975586,
  "best_loss": 0.022885126993060112
}