{
  "l1_rel": 0.9362562298774719,
  "l2_rel": 0.933070719242096,
  "iter_per_s": 0.0,
  "time_per_epoch": 0.020581274938583374,
  "total_time": 205.8380172252655,
  "peak_gpu_mem": 129.806884765625,
  "num_params": 1000,
  "final_loss": NaN,
  "best_loss": 0.00011900835670530796
}