{
  "l1_rel": 0.9000921845436096,
  "l2_rel": 0.9502268433570862,
  "iter_per_s": 0.0,
  "time_per_epoch": 0.003865001630783081,
  "total_time": 38.663931131362915,
  "peak_gpu_mem": 4.4990234375,
  "num_params": 3,
  "final_loss": 1.3769073486328125,
  "best_loss": 0.00026540469843894243
}