{
  "l1_rel": 0.40240646480639414,
  "l2_rel": 0.5913010988770606,
  "iter_per_s": 0.0,
  "time_per_epoch": 0.003047623682022095,
  "total_time": 30.518068313598633,
  "peak_gpu_mem": 8.200439453125,
  "num_params": 3,
  "final_loss": 7.108838435392797,
  "best_loss": 0.0068272129103014185
}