{
  "l1_rel": 0.05613661278913212,
  "l2_rel": 0.08891092647413927,
  "iter_per_s": 0.0,
  "time_per_epoch": 0.009042294311523438,
  "total_time": 90.47804355621338,
  "peak_gpu_mem": 83.72607421875,
  "num_params": 1000,
  "final_loss": 0.0581459149141043,
  "best_loss": 1.4370975989370834e-05
}