{
  "l1_rel": NaN,
  "l2_rel": NaN,
  "iter_per_s": 0.0,
  "time_per_epoch": 0.020760412311553955,
  "total_time": 207.62674117088318,
  "peak_gpu_mem": 129.81005859375,
  "num_params": 1000,
  "final_loss": NaN,
  "best_loss": 14.227680206298828
}