{
  "l1_rel": 0.7842304110527039,
  "l2_rel": 0.7720295190811157,
  "iter_per_s": 0.0,
  "time_per_epoch": 0.003816065216064453,
  "total_time": 38.174888134002686,
  "peak_gpu_mem": 4.4990234375,
  "num_params": 3,
  "final_loss": 0.3952333331108093,
  "best_loss": 0.0001462471263948828
}