{
  "l1_rel": 0.9993311166763306,
  "l2_rel": 0.9993311166763306,
  "iter_per_s": 0.0,
  "time_per_epoch": 0.0004852480173110962,
  "total_time": 4.866729021072388,
  "peak_gpu_mem": 0.78271484375,
  "num_params": 12,
  "final_loss": 113.60709381103516,
  "best_loss": 0.10658030956983566
}