{
  "l1_rel": 0.1427754331071523,
  "l2_rel": 0.2144142011636644,
  "iter_per_s": 0.0,
  "time_per_epoch": 0.008678246283531189,
  "total_time": 86.83856439590454,
  "peak_gpu_mem": 83.14404296875,
  "num_params": 1000,
  "final_loss": 0.7073447481780362,
  "best_loss": 0.003929098159825039
}