{
  "l1_rel": 0.11680372381844788,
  "l2_rel": 0.1231577845061354,
  "iter_per_s": 0.0,
  "time_per_epoch": 0.008787851524353027,
  "total_time": 87.93521785736084,
  "peak_gpu_mem": 83.140380859375,
  "num_params": 1000,
  "final_loss": 9.270198686303864,
  "best_loss": 0.0006171468893041501
}