{
  "l1_rel": 0.0782703293947662,
  "l2_rel": 0.100165281876701,
  "iter_per_s": 0.0,
  "time_per_epoch": 0.0027990557432174684,
  "total_time": 28.02983069419861,
  "peak_gpu_mem": 8.1982421875,
  "num_params": 3,
  "final_loss": 0.14586511062778934,
  "best_loss": 0.0003132952425114747
}