{
  "l1_rel": 0.9981786608695984,
  "l2_rel": 0.9981786608695984,
  "iter_per_s": 0.0,
  "time_per_epoch": 0.0004889449834823608,
  "total_time": 4.904138088226318,
  "peak_gpu_mem": 0.78271484375,
  "num_params": 12,
  "final_loss": 10.250140190124512,
  "best_loss": 0.10304995626211166
}