{
  "l1_rel": 0.585070788860321,
  "l2_rel": 0.5745705366134644,
  "iter_per_s": 0.0,
  "time_per_epoch": 0.020980027270317076,
  "total_time": 209.82123398780823,
  "peak_gpu_mem": 129.81005859375,
  "num_params": 1000,
  "final_loss": 16.760862350463867,
  "best_loss": 4.959609508514404
}