{
  "l1_rel": NaN,
  "l2_rel": NaN,
  "iter_per_s": 0.0,
  "time_per_epoch": 0.020834265875816344,
  "total_time": 208.36497831344604,
  "peak_gpu_mem": 129.81005859375,
  "num_params": 1000,
  "final_loss": NaN,
  "best_loss": Infinity
}