{
  "l1_rel": 0.9971327185630798,
  "l2_rel": 0.9971497654914856,
  "iter_per_s": 0.0,
  "time_per_epoch": 0.0324422831773758,
  "total_time": 324.4596018791199,
  "peak_gpu_mem": 129.806396484375,
  "num_params": 1000,
  "final_loss": 0.002345651388168335,
  "best_loss": 4.322366748965578e-06
}