{
  "l1_rel": 0.14277543310715202,
  "l2_rel": 0.21441420116366416,
  "iter_per_s": 0.0,
  "time_per_epoch": 0.008607450366020203,
  "total_time": 86.13034987449646,
  "peak_gpu_mem": 83.32177734375,
  "num_params": 1000,
  "final_loss": 0.707344748178018,
  "best_loss": 0.003929098159824674
}