{
  "l1_rel": 0.5850722789764404,
  "l2_rel": 0.5745723843574524,
  "iter_per_s": 0.0,
  "time_per_epoch": 0.020679741096496583,
  "total_time": 206.8197181224823,
  "peak_gpu_mem": 129.81005859375,
  "num_params": 1000,
  "final_loss": 16.761863708496094,
  "best_loss": 4.959615707397461
}