{
  "l1_rel": 0.9858248829841614,
  "l2_rel": 0.9869976043701172,
  "iter_per_s": 0.0,
  "time_per_epoch": 0.03503388178348541,
  "total_time": 350.39832949638367,
  "peak_gpu_mem": 81.892333984375,
  "num_params": 1000,
  "final_loss": 0.05858255922794342,
  "best_loss": 4.058860940858722e-05
}