{
  "l1_rel": 0.43551880422407674,
  "l2_rel": 0.5260713878174266,
  "iter_per_s": 0.0,
  "time_per_epoch": 0.008634203124046325,
  "total_time": 86.39698076248169,
  "peak_gpu_mem": 83.32177734375,
  "num_params": 1000,
  "final_loss": 1.2528268130740916,
  "best_loss": 0.02278682352558076
}