{
  "l1_rel": 0.5487189165394106,
  "l2_rel": 0.5522696400642304,
  "iter_per_s": 0.0,
  "time_per_epoch": 0.003069042730331421,
  "total_time": 30.735318422317505,
  "peak_gpu_mem": 8.20166015625,
  "num_params": 3,
  "final_loss": 37.54806785106344,
  "best_loss": 7.260657433477923
}