{
  "l1_rel": 0.5487189165394106,
  "l2_rel": 0.5522696400642304,
  "iter_per_s": 0.0,
  "time_per_epoch": 0.0028578810930252074,
  "total_time": 28.62071704864502,
  "peak_gpu_mem": 8.2001953125,
  "num_params": 3,
  "final_loss": 37.54806785106345,
  "best_loss": 7.2606574334779275
}