{
  "l1_rel": 0.2290776512806409,
  "l2_rel": 0.28297632213447566,
  "iter_per_s": 0.0,
  "time_per_epoch": 0.008474479365348815,
  "total_time": 84.79888367652893,
  "peak_gpu_mem": 83.32275390625,
  "num_params": 1000,
  "final_loss": 20.905121070327564,
  "best_loss": 0.09450605090578484
}