{
  "l1_rel": NaN,
  "l2_rel": NaN,
  "iter_per_s": 0.0,
  "time_per_epoch": 0.003999073386192322,
  "total_time": 40.04135227203369,
  "peak_gpu_mem": 80.652099609375,
  "num_params": 6103,
  "final_loss": NaN,
  "best_loss": Infinity
}