{
  "l1_rel": 0.9471628069877625,
  "l2_rel": 0.9471628069877625,
  "iter_per_s": 0.0,
  "time_per_epoch": 0.00047967333793640137,
  "total_time": 4.8110857009887695,
  "peak_gpu_mem": 0.78271484375,
  "num_params": 12,
  "final_loss": 37.93960189819336,
  "best_loss": 0.03913193568587303
}