{
  "l1_rel": 1.098349690437317,
  "l2_rel": 1.0968620777130127,
  "iter_per_s": 0.0,
  "time_per_epoch": 0.03245108678340912,
  "total_time": 324.54605412483215,
  "peak_gpu_mem": 129.806396484375,
  "num_params": 1000,
  "final_loss": 0.6603453159332275,
  "best_loss": 0.05008399114012718
}