{
  "l1_rel": 0.9999958872795105,
  "l2_rel": 0.9999948740005493,
  "iter_per_s": 0.0,
  "time_per_epoch": 0.004013664054870606,
  "total_time": 40.15138602256775,
  "peak_gpu_mem": 4.4990234375,
  "num_params": 3,
  "final_loss": 1.7006007624331687e-07,
  "best_loss": 3.644112464042115e-13
}