{
  "l1_rel": 0.43551880422407674,
  "l2_rel": 0.5260713878174266,
  "iter_per_s": 0.0,
  "time_per_epoch": 0.008720919179916381,
  "total_time": 87.26517820358276,
  "peak_gpu_mem": 83.321044921875,
  "num_params": 1000,
  "final_loss": 1.2528268130741063,
  "best_loss": 0.022786823525581187
}