{
  "l1_rel": 0.7715246081352234,
  "l2_rel": 0.7715246081352234,
  "iter_per_s": 0.0,
  "time_per_epoch": 0.0006129635572433472,
  "total_time": 6.149968147277832,
  "peak_gpu_mem": 0.744140625,
  "num_params": 12,
  "final_loss": 12.317338943481445,
  "best_loss": 0.13105277717113495
}