{
  "l1_rel": 0.12128545156383802,
  "l2_rel": 0.16459183322727475,
  "iter_per_s": 0.0,
  "time_per_epoch": 0.00873101875782013,
  "total_time": 87.36336827278137,
  "peak_gpu_mem": 83.3212890625,
  "num_params": 1000,
  "final_loss": 0.19089181222040963,
  "best_loss": 0.00018822951232143892
}