{
  "l1_rel": 0.3690283896549524,
  "l2_rel": 0.40593332865227283,
  "iter_per_s": 0.0,
  "time_per_epoch": 0.0028742111206054685,
  "total_time": 28.784343481063843,
  "peak_gpu_mem": 8.20166015625,
  "num_params": 3,
  "final_loss": 32.57059334342824,
  "best_loss": 1.0570977372589243
}