{
  "l1_rel": 0.23198822392874832,
  "l2_rel": 0.3079210449573464,
  "iter_per_s": 0.0,
  "time_per_epoch": 0.0031634919166564942,
  "total_time": 31.678749799728394,
  "peak_gpu_mem": 8.1962890625,
  "num_params": 3,
  "final_loss": 0.6289859389157988,
  "best_loss": 0.001941057566546345
}