{
  "l1_rel": 1.098349690437317,
  "l2_rel": 1.096861720085144,
  "iter_per_s": 0.0,
  "time_per_epoch": 0.032186158442497254,
  "total_time": 321.8995134830475,
  "peak_gpu_mem": 129.806396484375,
  "num_params": 1000,
  "final_loss": 0.660346508026123,
  "best_loss": 0.05008317902684212
}