{
  "l1_rel": 0.9281507134437561,
  "l2_rel": 0.9281507134437561,
  "iter_per_s": 0.0,
  "time_per_epoch": 0.00046548924446105955,
  "total_time": 4.668465852737427,
  "peak_gpu_mem": 0.78271484375,
  "num_params": 12,
  "final_loss": 344.70330810546875,
  "best_loss": 0.025436650961637497
}