{
  "l1_rel": 0.0782703293947662,
  "l2_rel": 0.100165281876701,
  "iter_per_s": 0.0,
  "time_per_epoch": 0.0030793235301971437,
  "total_time": 30.836244344711304,
  "peak_gpu_mem": 8.1962890625,
  "num_params": 3,
  "final_loss": 0.14586511062779045,
  "best_loss": 0.0003132952425115165
}