{
  "l1_rel": NaN,
  "l2_rel": NaN,
  "iter_per_s": 0.0,
  "time_per_epoch": 0.003951978206634521,
  "total_time": 39.56535792350769,
  "peak_gpu_mem": 80.658935546875,
  "num_params": 6103,
  "final_loss": NaN,
  "best_loss": Infinity
}