{
  "l1_rel": 0.11680372381844782,
  "l2_rel": 0.1231577845061354,
  "iter_per_s": 0.0,
  "time_per_epoch": 0.009083787679672242,
  "total_time": 90.89150261878967,
  "peak_gpu_mem": 83.139892578125,
  "num_params": 1000,
  "final_loss": 9.270198686303932,
  "best_loss": 0.0006171468893040926
}