{
  "l1_rel": 0.9356794953346252,
  "l2_rel": 0.9356794953346252,
  "iter_per_s": 0.0,
  "time_per_epoch": 0.00047919907569885255,
  "total_time": 4.806502103805542,
  "peak_gpu_mem": 0.78271484375,
  "num_params": 12,
  "final_loss": 29.491043090820312,
  "best_loss": 0.018629949539899826
}