{
  "l1_rel": 0.9471628069877625,
  "l2_rel": 0.9471628069877625,
  "iter_per_s": 0.0,
  "time_per_epoch": 0.00046446304321289065,
  "total_time": 4.659480333328247,
  "peak_gpu_mem": 0.78271484375,
  "num_params": 12,
  "final_loss": 37.93961715698242,
  "best_loss": 0.03913192078471184
}