{
  "l1_rel": 0.4205691172564231,
  "l2_rel": 0.47942921143884043,
  "iter_per_s": 0.0,
  "time_per_epoch": 0.0029418715238571165,
  "total_time": 29.460946083068848,
  "peak_gpu_mem": 8.2001953125,
  "num_params": 3,
  "final_loss": 22.764700336635006,
  "best_loss": 1.081109144009383
}