{
  "l1_rel": 1.0322102308273315,
  "l2_rel": 1.0258880853652954,
  "iter_per_s": 0.0,
  "time_per_epoch": 0.022618612003326415,
  "total_time": 226.22073769569397,
  "peak_gpu_mem": 81.98291015625,
  "num_params": 1000,
  "final_loss": NaN,
  "best_loss": 11.763294219970703
}