{
  "l1_rel": NaN,
  "l2_rel": NaN,
  "iter_per_s": 0.0,
  "time_per_epoch": 0.020627281641960146,
  "total_time": 206.29777193069458,
  "peak_gpu_mem": 129.806884765625,
  "num_params": 1000,
  "final_loss": NaN,
  "best_loss": 0.011622466146945953
}