{
  "l1_rel": 0.1373277193959568,
  "l2_rel": 0.17759998709580735,
  "iter_per_s": 0.0,
  "time_per_epoch": 0.009016655278205872,
  "total_time": 90.2140281200409,
  "peak_gpu_mem": 83.588134765625,
  "num_params": 1000,
  "final_loss": 1.600113817569105,
  "best_loss": 0.00016655973586704806
}