{
  "l1_rel": 0.05613661278913213,
  "l2_rel": 0.08891092647413924,
  "iter_per_s": 0.0,
  "time_per_epoch": 0.009488432168960571,
  "total_time": 94.9425458908081,
  "peak_gpu_mem": 83.3212890625,
  "num_params": 1000,
  "final_loss": 0.05814591491410063,
  "best_loss": 1.4370975989364754e-05
}