{
  "l1_rel": 0.7715246081352234,
  "l2_rel": 0.7715246081352234,
  "iter_per_s": 0.0,
  "time_per_epoch": 0.0004758310317993164,
  "total_time": 4.772674322128296,
  "peak_gpu_mem": 0.78271484375,
  "num_params": 12,
  "final_loss": 12.317337989807129,
  "best_loss": 0.13105285167694092
}