{
  "l1_rel": 0.8513109087944031,
  "l2_rel": 0.8695012927055359,
  "iter_per_s": 0.0,
  "time_per_epoch": 0.020723256158828734,
  "total_time": 207.25603985786438,
  "peak_gpu_mem": 129.81005859375,
  "num_params": 1000,
  "final_loss": 73.18020629882812,
  "best_loss": 5.02287483215332
}