{
  "l1_rel": NaN,
  "l2_rel": NaN,
  "iter_per_s": 0.0,
  "time_per_epoch": 0.023904615783691407,
  "total_time": 239.09865808486938,
  "peak_gpu_mem": 81.895751953125,
  "num_params": 1000,
  "final_loss": NaN,
  "best_loss": 84.78163146972656
}