{
  "l1_rel": 0.9048576951026917,
  "l2_rel": 0.9048576951026917,
  "iter_per_s": 0.0,
  "time_per_epoch": 0.00048113181591033933,
  "total_time": 4.825959920883179,
  "peak_gpu_mem": 0.78271484375,
  "num_params": 12,
  "final_loss": 64.20133972167969,
  "best_loss": 0.04128285497426987
}