{
  "l1_rel": 1.669571876525879,
  "l2_rel": 1.7213689088821411,
  "iter_per_s": 0.0,
  "time_per_epoch": 0.004048519873619079,
  "total_time": 40.50004982948303,
  "peak_gpu_mem": 4.4990234375,
  "num_params": 3,
  "final_loss": 0.5944399237632751,
  "best_loss": 6.828315690654563e-11
}