{
  "l1_rel": 0.9571787714958191,
  "l2_rel": 0.9571787714958191,
  "iter_per_s": 0.0,
  "time_per_epoch": 0.0007262026309967041,
  "total_time": 7.284039497375488,
  "peak_gpu_mem": 0.744140625,
  "num_params": 12,
  "final_loss": 18.268821716308594,
  "best_loss": 0.008436426520347595
}